time,Open,High,Low,Close,Close,Volume
2024-05-29 04:00:00+00:00,525.6799926757812,527.3099975585938,525.3699951171875,526.0999755859375,513.6005249023438,45190300.0
2024-05-30 04:00:00+00:00,524.52001953125,525.2000122070312,521.3300170898438,522.6099853515625,510.1933898925781,46377600.0
2024-05-31 04:00:00+00:00,523.5900268554688,527.5,518.3599853515625,527.3699951171875,514.84033203125,90785800.0
2024-06-03 04:00:00+00:00,529.02001953125,529.3099975585938,522.5999755859375,527.7999877929688,515.2601318359375,46835700.0
2024-06-04 04:00:00+00:00,526.4600219726562,529.1500244140625,524.9600219726562,528.3900146484375,515.8360595703125,34632700.0
2024-06-05 04:00:00+00:00,530.77001953125,534.6900024414062,528.72998046875,534.6699829101562,521.9669189453125,47610400.0
2024-06-06 04:00:00+00:00,534.97998046875,535.4199829101562,532.6799926757812,534.6599731445312,521.95703125,30808500.0
2024-06-07 04:00:00+00:00,533.6599731445312,536.8900146484375,532.5399780273438,534.010009765625,521.3226928710938,43224500.0
2024-06-10 04:00:00+00:00,533.1799926757812,535.989990234375,532.5700073242188,535.6599731445312,522.9332885742188,35686100.0
2024-06-11 04:00:00+00:00,534.0700073242188,537.010009765625,532.0499877929688,536.9500122070312,524.1927490234375,36383400.0
2024-06-12 04:00:00+00:00,541.6300048828125,544.1199951171875,540.2999877929688,541.3599853515625,528.4979858398438,63251300.0
2024-06-13 04:00:00+00:00,543.1500244140625,543.3300170898438,539.5900268554688,542.4500122070312,529.5621337890625,44760900.0
2024-06-14 04:00:00+00:00,540.8800048828125,542.8099975585938,539.8499755859375,542.780029296875,529.8842163085938,40089900.0
2024-06-17 04:00:00+00:00,542.0800170898438,548.530029296875,541.6099853515625,547.0999755859375,534.1015014648438,55839500.0
2024-06-18 04:00:00+00:00,547.1599731445312,548.6199951171875,546.72998046875,548.489990234375,535.4585571289062,41376400.0
2024-06-20 04:00:00+00:00,549.4400024414062,550.1199951171875,545.1799926757812,547.0,534.0039672851562,70328200.0
2024-06-21 04:00:00+00:00,544.4000244140625,545.6500244140625,543.02001953125,544.510009765625,533.2880859375,64338600.0
2024-06-24 04:00:00+00:00,544.3300170898438,546.9500122070312,542.6199951171875,542.739990234375,531.5545043945312,45528700.0
2024-06-25 04:00:00+00:00,543.989990234375,545.2000122070312,542.4400024414062,544.8300170898438,533.6013793945312,37936200.0
2024-06-26 04:00:00+00:00,543.6900024414062,546.239990234375,543.030029296875,545.510009765625,534.2673950195312,38550600.0
2024-06-27 04:00:00+00:00,545.3699951171875,546.9600219726562,544.6099853515625,546.3699951171875,535.1096801757812,35041500.0
2024-06-28 04:00:00+00:00,547.1599731445312,550.280029296875,542.9500122070312,544.219970703125,533.0039672851562,76144500.0
2024-07-01 04:00:00+00:00,545.6300048828125,545.8800048828125,542.52001953125,545.3400268554688,534.1008911132812,40297800.0
2024-07-02 04:00:00+00:00,543.7000122070312,549.010009765625,543.6500244140625,549.010009765625,537.6953735351562,40434800.0
2024-07-03 04:00:00+00:00,548.6900024414062,551.8300170898438,548.6500244140625,551.4600219726562,540.0948486328125,32789900.0
2024-07-05 04:00:00+00:00,551.77001953125,555.0499877929688,551.1199951171875,554.6400146484375,543.209228515625,41488400.0
2024-07-08 04:00:00+00:00,555.4400024414062,556.25,554.1900024414062,555.280029296875,543.8360595703125,36110500.0
2024-07-09 04:00:00+00:00,556.260009765625,557.1799926757812,555.52001953125,555.8200073242188,544.364990234375,27289700.0
2024-07-10 04:00:00+00:00,557.0700073242188,561.6699829101562,556.77001953125,561.3200073242188,549.7516479492188,38701200.0
2024-07-11 04:00:00+00:00,561.4400024414062,562.3300170898438,555.8300170898438,556.47998046875,545.01123046875,53054200.0
2024-07-12 04:00:00+00:00,557.6300048828125,563.6699829101562,557.1500244140625,559.989990234375,548.448974609375,53084400.0
2024-07-15 04:00:00+00:00,562.030029296875,564.8400268554688,559.6300048828125,561.530029296875,549.957275390625,40584300.0
2024-07-16 04:00:00+00:00,562.8699951171875,565.1599731445312,562.0999755859375,564.8599853515625,553.2185668945312,36475300.0
2024-07-17 04:00:00+00:00,558.7999877929688,560.510009765625,556.6099853515625,556.9400024414062,545.4617919921875,57119000.0
2024-07-18 04:00:00+00:00,558.510009765625,559.52001953125,550.4299926757812,552.6599731445312,541.2700805664062,56270400.0
2024-07-19 04:00:00+00:00,552.4199829101562,554.0800170898438,547.9099731445312,548.989990234375,537.67578125,65509100.0
2024-07-22 04:00:00+00:00,553.0,555.27001953125,551.02001953125,554.6500244140625,543.2191162109375,43346700.0
2024-07-23 04:00:00+00:00,554.5399780273438,556.739990234375,553.280029296875,553.780029296875,542.366943359375,34439600.0
2024-07-24 04:00:00+00:00,548.8599853515625,549.1699829101562,540.2899780273438,541.22998046875,530.0756225585938,74515300.0
2024-07-25 04:00:00+00:00,541.3499755859375,547.4600219726562,537.4500122070312,538.4099731445312,527.313720703125,61158300.0
2024-07-26 04:00:00+00:00,542.280029296875,547.1900024414062,541.489990234375,544.4400024414062,533.2194213867188,53763800.0
2024-07-29 04:00:00+00:00,546.02001953125,547.0499877929688,542.719970703125,544.760009765625,533.5328979492188,39515800.0
2024-07-30 04:00:00+00:00,546.260009765625,547.3400268554688,538.52001953125,542.0,530.829833984375,46853600.0
2024-07-31 04:00:00+00:00,548.97998046875,553.5,547.5800170898438,550.8099975585938,539.4581909179688,65663400.0
2024-08-01 04:00:00+00:00,552.5700073242188,554.8699951171875,539.4299926757812,543.010009765625,531.8189086914062,76428700.0
2024-08-02 04:00:00+00:00,535.75,536.989990234375,528.5999755859375,532.9000244140625,521.9173583984375,82789100.0
2024-08-05 04:00:00+00:00,511.6400146484375,523.5800170898438,510.2699890136719,517.3800048828125,506.7171630859375,146267400.0
2024-08-06 04:00:00+00:00,519.219970703125,529.75,517.8699951171875,522.1500244140625,511.3888854980469,84826300.0
2024-08-07 04:00:00+00:00,528.469970703125,531.5900268554688,518.0499877929688,518.6599731445312,507.9707336425781,70698300.0
2024-08-08 04:00:00+00:00,523.9099731445312,531.2899780273438,521.8400268554688,530.6500244140625,519.7136840820312,63276600.0
2024-08-09 04:00:00+00:00,529.8099975585938,534.510009765625,528.5599975585938,532.989990234375,522.0054931640625,45619600.0
2024-08-12 04:00:00+00:00,534.2100219726562,535.72998046875,530.9500122070312,533.27001953125,522.2797241210938,42542100.0
2024-08-13 04:00:00+00:00,536.530029296875,542.280029296875,536.280029296875,542.0399780273438,530.8689575195312,52333100.0
2024-08-14 04:00:00+00:00,542.8499755859375,544.9600219726562,540.1199951171875,543.75,532.543701171875,42446900.0
2024-08-15 04:00:00+00:00,549.5,553.3599853515625,548.8800048828125,553.0700073242188,541.671630859375,60846800.0
2024-08-16 04:00:00+00:00,551.4199829101562,555.02001953125,551.260009765625,554.3099975585938,542.8860473632812,44430700.0
2024-08-19 04:00:00+00:00,554.72998046875,559.6099853515625,553.8599853515625,559.6099853515625,548.0767822265625,39121800.0
2024-08-20 04:00:00+00:00,559.1500244140625,560.8400268554688,557.3300170898438,558.7000122070312,547.1856689453125,33732300.0
2024-08-21 04:00:00+00:00,559.77001953125,562.1099853515625,554.72998046875,560.6199951171875,549.06591796875,41514600.0
2024-08-22 04:00:00+00:00,562.5599975585938,563.1799926757812,554.97998046875,556.219970703125,544.7567138671875,56121500.0
2024-08-23 04:00:00+00:00,559.530029296875,563.0900268554688,557.2899780273438,562.1300048828125,550.5448608398438,50639400.0
2024-08-26 04:00:00+00:00,563.1799926757812,563.9099731445312,559.0499877929688,560.7899780273438,549.2324829101562,35788600.0
2024-08-27 04:00:00+00:00,559.489990234375,562.0599975585938,558.3200073242188,561.5599975585938,549.9866333007812,32693900.0
2024-08-28 04:00:00+00:00,561.2100219726562,561.6500244140625,555.0399780273438,558.2999877929688,546.7937622070312,41066000.0
2024-08-29 04:00:00+00:00,560.3099975585938,563.6799926757812,557.1799926757812,558.3499755859375,546.8427734375,38715200.0
2024-08-30 04:00:00+00:00,560.77001953125,564.2000122070312,557.1400146484375,563.6799926757812,552.0629272460938,62700100.0
2024-09-03 04:00:00+00:00,560.469970703125,560.8099975585938,549.510009765625,552.0800170898438,540.7020263671875,60600100.0
2024-09-04 04:00:00+00:00,550.2000122070312,554.4299926757812,549.4600219726562,550.9500122070312,539.5952758789062,47224900.0
2024-09-05 04:00:00+00:00,550.8900146484375,553.7999877929688,547.0999755859375,549.6099853515625,538.2828979492188,44264300.0
2024-09-06 04:00:00+00:00,549.9400024414062,551.5999755859375,539.4400024414062,540.3599853515625,529.2235717773438,68493800.0
2024-09-09 04:00:00+00:00,544.6500244140625,547.7100219726562,542.6799926757812,546.4099731445312,535.1487426757812,40445800.0
2024-09-10 04:00:00+00:00,548.3599853515625,549.1500244140625,543.3800048828125,548.7899780273438,537.479736328125,36394600.0
2024-09-11 04:00:00+00:00,548.7000122070312,555.3599853515625,539.9600219726562,554.4199829101562,542.9937133789062,75248600.0
2024-09-12 04:00:00+00:00,555.010009765625,559.4000244140625,552.739990234375,559.0900268554688,547.5675048828125,51819600.0
2024-09-13 04:00:00+00:00,559.7100219726562,563.030029296875,559.4500122070312,562.010009765625,550.4274291992188,39310500.0
2024-09-16 04:00:00+00:00,561.739990234375,563.1099853515625,559.9000244140625,562.8400268554688,551.2402954101562,36656100.0
2024-09-17 04:00:00+00:00,565.0999755859375,566.5800170898438,560.7899780273438,563.0700073242188,551.4656372070312,49321000.0
2024-09-18 04:00:00+00:00,563.739990234375,568.6900024414062,560.8300170898438,561.4000244140625,549.8300170898438,59044900.0
2024-09-19 04:00:00+00:00,571.010009765625,572.8800048828125,568.0800170898438,570.97998046875,559.2124633789062,75315500.0
2024-09-20 04:00:00+00:00,567.8400268554688,569.3099975585938,565.1699829101562,568.25,558.2459106445312,77503100.0
2024-09-23 04:00:00+00:00,569.3400268554688,570.3300170898438,568.0999755859375,569.6699829101562,559.6408081054688,44116900.0
2024-09-24 04:00:00+00:00,570.47998046875,571.3599853515625,567.5999755859375,571.2999877929688,561.2421264648438,46805700.0
2024-09-25 04:00:00+00:00,571.1400146484375,571.8900146484375,568.9099731445312,570.0399780273438,560.0042724609375,38428600.0
2024-09-26 04:00:00+00:00,574.3800048828125,574.7100219726562,569.9000244140625,572.2999877929688,562.2245483398438,48336000.0
2024-09-27 04:00:00+00:00,573.3900146484375,574.219970703125,570.4199829101562,571.469970703125,561.4090576171875,42100900.0
2024-09-30 04:00:00+00:00,570.4199829101562,574.3800048828125,568.0800170898438,573.760009765625,563.6588134765625,63557400.0
2024-10-01 04:00:00+00:00,573.4000244140625,574.0599975585938,566.0,568.6199951171875,558.6092529296875,72668800.0
2024-10-02 04:00:00+00:00,567.7100219726562,569.9000244140625,565.27001953125,568.8599853515625,558.8451538085938,38097800.0
2024-10-03 04:00:00+00:00,567.3599853515625,569.7999877929688,565.489990234375,567.8200073242188,557.8234252929688,40846500.0
2024-10-04 04:00:00+00:00,572.3499755859375,573.3599853515625,568.0999755859375,572.97998046875,562.892578125,42939100.0
2024-10-07 04:00:00+00:00,571.2999877929688,571.9600219726562,566.6300048828125,567.7999877929688,557.8037719726562,49964700.0
2024-10-08 04:00:00+00:00,570.4199829101562,573.780029296875,569.530029296875,573.1699829101562,563.0792846679688,37398700.0
2024-10-09 04:00:00+00:00,573.1599731445312,577.7100219726562,572.5499877929688,577.1400146484375,566.9793701171875,37912200.0
2024-10-10 04:00:00+00:00,575.77001953125,577.5800170898438,574.489990234375,576.1300048828125,565.9871215820312,44138100.0
2024-10-11 04:00:00+00:00,576.0499877929688,580.3300170898438,575.9099731445312,579.5800170898438,569.3763427734375,42268000.0
2024-10-14 04:00:00+00:00,581.219970703125,585.27001953125,580.72998046875,584.3200073242188,574.0328979492188,36217200.0
2024-10-15 04:00:00+00:00,584.5900268554688,584.9000244140625,578.5399780273438,579.780029296875,569.57275390625,54203600.0
2024-10-16 04:00:00+00:00,579.780029296875,582.8300170898438,578.9600219726562,582.2999877929688,572.0484619140625,30725400.0
2024-10-17 04:00:00+00:00,585.9099731445312,586.1199951171875,582.1599731445312,582.3499755859375,572.0975341796875,34393700.0
2024-10-18 04:00:00+00:00,584.0700073242188,585.3900146484375,582.5800170898438,584.5900268554688,574.2981567382812,37416800.0
2024-10-21 04:00:00+00:00,583.8499755859375,584.8499755859375,580.5999755859375,583.6300048828125,573.35498046875,36439000.0
2024-10-22 04:00:00+00:00,581.0499877929688,584.5,580.3800048828125,583.3200073242188,573.050537109375,34183800.0
2024-10-23 04:00:00+00:00,581.260009765625,581.7100219726562,574.4199829101562,577.989990234375,567.8143310546875,49314600.0
2024-10-24 04:00:00+00:00,579.97998046875,580.0599975585938,576.5700073242188,579.239990234375,569.0423583984375,34979900.0
2024-10-25 04:00:00+00:00,581.510009765625,584.4600219726562,578.0800170898438,579.0399780273438,568.8458862304688,47268200.0
2024-10-28 04:00:00+00:00,582.5800170898438,582.7100219726562,580.52001953125,580.8300170898438,570.6043701171875,30174700.0
2024-10-29 04:00:00+00:00,579.8499755859375,582.9099731445312,578.4299926757812,581.77001953125,571.5277709960938,42899700.0
2024-10-30 04:00:00+00:00,581.2899780273438,583.3200073242188,579.2899780273438,580.010009765625,569.7987670898438,41435800.0
2024-10-31 04:00:00+00:00,575.5599975585938,575.6300048828125,568.4400024414062,568.6400146484375,558.6289672851562,60182500.0
2024-11-01 04:00:00+00:00,571.3200073242188,575.5499877929688,570.6199951171875,571.0399780273438,560.9866943359375,45667500.0
2024-11-04 05:00:00+00:00,571.1799926757812,572.5,567.8900146484375,569.8099975585938,559.7782592773438,38217000.0
2024-11-05 05:00:00+00:00,570.739990234375,576.739990234375,570.52001953125,576.7000122070312,566.547119140625,39478300.0
2024-11-06 05:00:00+00:00,589.2000122070312,591.9299926757812,585.3900146484375,591.0399780273438,580.6346435546875,68182000.0
2024-11-07 05:00:00+00:00,593.0800170898438,596.6500244140625,593.0,595.6099853515625,585.1240844726562,47233200.0
2024-11-08 05:00:00+00:00,596.1699829101562,599.6400146484375,596.1699829101562,598.1900024414062,587.6587524414062,46444900.0
2024-11-11 05:00:00+00:00,599.8099975585938,600.1699829101562,597.0,598.760009765625,588.2185668945312,37586800.0
2024-11-12 05:00:00+00:00,598.6799926757812,599.2899780273438,594.3699951171875,596.9000244140625,586.3914184570312,43006100.0
2024-11-13 05:00:00+00:00,597.3699951171875,599.22998046875,594.9600219726562,597.1900024414062,586.6763305664062,47388600.0
2024-11-14 05:00:00+00:00,597.3200073242188,597.8099975585938,592.6500244140625,593.3499755859375,582.9039916992188,38904100.0
2024-11-15 05:00:00+00:00,589.719970703125,590.2000122070312,583.8599853515625,585.75,575.437744140625,75988800.0
2024-11-18 05:00:00+00:00,586.219970703125,589.489990234375,585.3400268554688,588.1500244140625,577.7954711914062,37001700.0
2024-11-19 05:00:00+00:00,584.7100219726562,591.0399780273438,584.030029296875,590.2999877929688,579.9075927734375,49412000.0
2024-11-20 05:00:00+00:00,590.3800048828125,590.7899780273438,584.6300048828125,590.5,580.1040649414062,50032600.0
2024-11-21 05:00:00+00:00,593.4000244140625,595.1199951171875,587.4500122070312,593.6699829101562,583.2183227539062,46750300.0
2024-11-22 05:00:00+00:00,593.6599731445312,596.1500244140625,593.1500244140625,595.510009765625,585.02587890625,38226400.0
2024-11-25 05:00:00+00:00,599.52001953125,600.8599853515625,595.2000122070312,597.530029296875,587.0104370117188,42441400.0
2024-11-26 05:00:00+00:00,598.7999877929688,601.3300170898438,598.0700073242188,600.6500244140625,590.075439453125,45621300.0
2024-11-27 05:00:00+00:00,600.4600219726562,600.8499755859375,597.280029296875,598.8300170898438,588.2874145507812,34000200.0
2024-11-29 05:00:00+00:00,599.6599731445312,603.3499755859375,599.3800048828125,602.5499877929688,591.94189453125,30177400.0
2024-12-02 05:00:00+00:00,602.969970703125,604.3200073242188,602.469970703125,603.6300048828125,593.0030517578125,31746000.0
2024-12-03 05:00:00+00:00,603.3900146484375,604.1599731445312,602.3400268554688,603.9099731445312,593.2780151367188,26906600.0
2024-12-04 05:00:00+00:00,605.6300048828125,607.9099731445312,604.9500122070312,607.6599731445312,596.9619750976562,42787600.0
2024-12-05 05:00:00+00:00,607.6599731445312,608.47998046875,606.2999877929688,606.6599731445312,595.9796142578125,28762200.0
2024-12-06 05:00:00+00:00,607.4400024414062,609.0700073242188,607.02001953125,607.8099975585938,597.109375,31241500.0
2024-12-09 05:00:00+00:00,607.6900024414062,607.8599853515625,604.0800170898438,604.6799926757812,594.034423828125,34742700.0
2024-12-10 05:00:00+00:00,605.3699951171875,605.7999877929688,602.1300048828125,602.7999877929688,592.1875,37234500.0
2024-12-11 05:00:00+00:00,605.780029296875,608.4299926757812,605.5,607.4600219726562,596.765625,28677700.0
2024-12-12 05:00:00+00:00,606.5800170898438,607.1599731445312,604.3300170898438,604.3300170898438,593.6906127929688,31543800.0
2024-12-13 05:00:00+00:00,606.4000244140625,607.1300048828125,602.8099975585938,604.2100219726562,593.5726928710938,35904700.0
2024-12-16 05:00:00+00:00,606.0,607.780029296875,605.2100219726562,606.7899780273438,596.1072998046875,43695200.0
2024-12-17 05:00:00+00:00,604.1900024414062,605.1699829101562,602.8900146484375,604.2899780273438,593.6512451171875,55773500.0
2024-12-18 05:00:00+00:00,603.97998046875,606.4099731445312,585.8900146484375,586.280029296875,575.9584350585938,108248700.0
2024-12-19 05:00:00+00:00,591.3599853515625,593.0,585.8499755859375,586.0999755859375,575.7816162109375,85919500.0
2024-12-20 05:00:00+00:00,581.77001953125,595.75,580.9099731445312,591.1500244140625,582.697265625,125716700.0
2024-12-23 05:00:00+00:00,590.8900146484375,595.2999877929688,587.6599731445312,594.6900024414062,586.1867065429688,57635800.0
2024-12-24 05:00:00+00:00,596.0599975585938,601.3400268554688,595.469970703125,601.2999877929688,592.7020874023438,33160100.0
2024-12-26 05:00:00+00:00,599.5,602.47998046875,598.0800170898438,601.3400268554688,592.7416381835938,41219100.0
2024-12-27 05:00:00+00:00,597.5399780273438,597.780029296875,590.760009765625,595.010009765625,586.5020751953125,64969300.0
2024-12-30 05:00:00+00:00,587.8900146484375,591.739990234375,584.4099731445312,588.219970703125,579.8092041015625,56578800.0
2024-12-31 05:00:00+00:00,589.9099731445312,590.6400146484375,584.4199829101562,586.0800170898438,577.69970703125,57052700.0
2025-01-02 05:00:00+00:00,589.3900146484375,591.1300048828125,580.5,584.6400146484375,576.2803344726562,50204000.0
2025-01-03 05:00:00+00:00,587.530029296875,592.5999755859375,586.4299926757812,591.9500122070312,583.4859008789062,37888500.0
2025-01-06 05:00:00+00:00,596.27001953125,599.7000122070312,593.5999755859375,595.3599853515625,586.8470458984375,47679400.0
2025-01-07 05:00:00+00:00,597.4199829101562,597.75,586.780029296875,588.6300048828125,580.2132568359375,60393100.0
2025-01-08 05:00:00+00:00,588.7000122070312,590.5800170898438,585.2000122070312,589.489990234375,581.0609741210938,47304700.0
2025-01-10 05:00:00+00:00,585.8800048828125,585.9500122070312,578.5499877929688,580.489990234375,572.189697265625,73105000.0
2025-01-13 05:00:00+00:00,575.77001953125,581.75,575.3499755859375,581.3900146484375,573.0768432617188,47910100.0
2025-01-14 05:00:00+00:00,584.3599853515625,585.0,578.3499755859375,582.1900024414062,573.8653564453125,48420600.0
2025-01-15 05:00:00+00:00,590.3300170898438,593.9400024414062,589.2000122070312,592.780029296875,584.303955078125,56900200.0
2025-01-16 05:00:00+00:00,594.1699829101562,594.3499755859375,590.9299926757812,591.6400146484375,583.1802368164062,43319700.0
2025-01-17 05:00:00+00:00,596.9600219726562,599.3599853515625,595.6099853515625,597.5800170898438,589.0353393554688,58070600.0
2025-01-21 05:00:00+00:00,600.6699829101562,603.0599975585938,598.6699829101562,603.0499877929688,594.4271240234375,42532900.0
2025-01-22 05:00:00+00:00,605.9199829101562,607.8200073242188,605.3599853515625,606.4400024414062,597.7686767578125,48196000.0
2025-01-23 05:00:00+00:00,605.7999877929688,609.75,605.52001953125,609.75,601.0313110351562,41152100.0
2025-01-24 05:00:00+00:00,609.8099975585938,610.780029296875,606.7999877929688,607.969970703125,599.2766723632812,34604700.0
2025-01-27 05:00:00+00:00,594.8099975585938,599.6900024414062,594.6400146484375,599.3699951171875,590.7997436523438,70361100.0
2025-01-28 05:00:00+00:00,600.6199951171875,605.3699951171875,597.25,604.52001953125,595.8761596679688,44433300.0
2025-01-29 05:00:00+00:00,603.719970703125,604.1300048828125,599.219970703125,601.8099975585938,593.204833984375,37177400.0
2025-01-30 05:00:00+00:00,603.9600219726562,606.5999755859375,600.719970703125,605.0399780273438,596.3886108398438,39281300.0
2025-01-31 05:00:00+00:00,607.5,609.9600219726562,601.0499877929688,601.8200073242188,593.2147216796875,66566900.0
2025-02-03 05:00:00+00:00,592.6699829101562,600.2899780273438,590.489990234375,597.77001953125,589.2225952148438,65857200.0
2025-02-04 05:00:00+00:00,597.8300170898438,602.2999877929688,597.280029296875,601.780029296875,593.1753540039062,33457800.0
2025-02-05 05:00:00+00:00,600.6400146484375,604.3699951171875,598.5800170898438,604.219970703125,595.580322265625,30653100.0
2025-02-06 05:00:00+00:00,605.989990234375,606.4500122070312,602.6300048828125,606.3200073242188,597.650390625,35771500.0
2025-02-07 05:00:00+00:00,606.8900146484375,608.1300048828125,600.0499877929688,600.77001953125,592.1797485351562,50788500.0
2025-02-10 05:00:00+00:00,604.030029296875,605.5,602.739990234375,604.8499755859375,596.2013549804688,26048700.0
2025-02-11 05:00:00+00:00,602.5499877929688,605.8599853515625,602.4299926757812,605.3099975585938,596.65478515625,30056700.0
2025-02-12 05:00:00+00:00,599.2000122070312,604.5499877929688,598.510009765625,603.3599853515625,594.732666015625,45076100.0
2025-02-13 05:00:00+00:00,604.47998046875,609.9400024414062,603.2000122070312,609.72998046875,601.0115966796875,40921300.0
2025-02-14 05:00:00+00:00,609.9400024414062,610.989990234375,609.0700073242188,609.7000122070312,600.9820556640625,26910400.0
2025-02-18 05:00:00+00:00,610.8800048828125,611.489990234375,608.3800048828125,611.489990234375,602.746337890625,26749000.0
2025-02-19 05:00:00+00:00,610.0800170898438,613.22998046875,609.5599975585938,612.9299926757812,604.1658325195312,31011100.0
2025-02-20 05:00:00+00:00,611.5399780273438,611.6799926757812,607.02001953125,610.3800048828125,601.65234375,36554000.0
2025-02-21 05:00:00+00:00,610.1599731445312,610.2999877929688,599.469970703125,599.9400024414062,591.3615112304688,76519800.0
2025-02-24 05:00:00+00:00,602.02001953125,603.030029296875,596.489990234375,597.2100219726562,588.670654296875,50737200.0
2025-02-25 05:00:00+00:00,597.1500244140625,597.8900146484375,589.5599975585938,594.239990234375,585.7431030273438,58266500.0
2025-02-26 05:00:00+00:00,595.9299926757812,599.5800170898438,591.8599853515625,594.5399780273438,586.0387573242188,43321600.0
2025-02-27 05:00:00+00:00,596.8499755859375,598.02001953125,584.6500244140625,585.0499877929688,576.6844482421875,74196700.0
2025-02-28 05:00:00+00:00,585.5599975585938,594.719970703125,582.4400024414062,594.1799926757812,585.6838989257812,88744100.0
2025-03-03 05:00:00+00:00,596.1799926757812,597.3400268554688,579.9000244140625,583.77001953125,575.4227905273438,74249200.0
2025-03-04 05:00:00+00:00,579.7100219726562,585.3900146484375,572.25,576.8599853515625,568.6115112304688,109648200.0
2025-03-05 05:00:00+00:00,576.6900024414062,584.8800048828125,573.0800170898438,583.0599975585938,574.722900390625,71230500.0
2025-03-06 05:00:00+00:00,575.47998046875,580.1699829101562,570.1199951171875,572.7100219726562,564.5209350585938,80094900.0
2025-03-07 05:00:00+00:00,570.9000244140625,577.3900146484375,565.6300048828125,575.9199829101562,567.6849975585938,81158800.0
2025-03-10 04:00:00+00:00,567.5900268554688,569.5399780273438,555.5900268554688,560.5800170898438,552.5643920898438,99326600.0
2025-03-11 04:00:00+00:00,559.4000244140625,564.02001953125,552.02001953125,555.9199829101562,547.970947265625,88102100.0
2025-03-12 04:00:00+00:00,562.1699829101562,563.1099853515625,553.6900024414062,558.8699951171875,550.8787841796875,69588200.0
2025-03-13 04:00:00+00:00,558.489990234375,559.1099853515625,549.6799926757812,551.4199829101562,543.535400390625,74079400.0
2025-03-14 04:00:00+00:00,556.1099853515625,563.8300170898438,551.489990234375,562.8099975585938,554.7625122070312,62660300.0
2025-03-17 04:00:00+00:00,562.7899780273438,569.7100219726562,562.3499755859375,567.1500244140625,559.0404052734375,49008700.0
2025-03-18 04:00:00+00:00,564.7999877929688,565.02001953125,559.0599975585938,561.02001953125,552.9981079101562,66041400.0
2025-03-19 04:00:00+00:00,562.8300170898438,570.9500122070312,561.6300048828125,567.1300048828125,559.0206909179688,66556000.0
2025-03-20 04:00:00+00:00,563.3300170898438,570.5700073242188,562.5999755859375,565.489990234375,557.4041137695312,62958200.0
2025-03-21 04:00:00+00:00,559.280029296875,564.8900146484375,558.030029296875,563.97998046875,557.5880126953125,83763000.0
2025-03-24 04:00:00+00:00,570.7999877929688,575.1500244140625,570.2000122070312,574.0800170898438,567.5736083984375,58766800.0
2025-03-25 04:00:00+00:00,575.2999877929688,576.4099731445312,573.6900024414062,575.4600219726562,568.93798828125,38355700.0
2025-03-26 04:00:00+00:00,575.1900024414062,576.3300170898438,567.1900024414062,568.5900268554688,562.1458740234375,51848300.0
2025-03-27 04:00:00+00:00,567.1799926757812,570.9000244140625,564.9400024414062,567.0800170898438,560.6529541015625,42164200.0
2025-03-28 04:00:00+00:00,565.530029296875,566.27001953125,555.0700073242188,555.6599731445312,549.3623657226562,71662700.0
2025-03-31 04:00:00+00:00,549.8300170898438,560.7100219726562,546.8699951171875,559.3900146484375,553.0501098632812,95328200.0
2025-04-01 04:00:00+00:00,557.4500122070312,562.9400024414062,553.6799926757812,560.969970703125,554.6121215820312,54609600.0
2025-04-02 04:00:00+00:00,555.0499877929688,567.4199829101562,554.8099975585938,564.52001953125,558.1219482421875,76014500.0
2025-04-03 04:00:00+00:00,545.1099853515625,547.969970703125,536.7000122070312,536.7000122070312,530.6172485351562,125986000.0
2025-04-04 04:00:00+00:00,523.6699829101562,525.8699951171875,505.05999755859375,505.2799987792969,499.5533447265625,217965100.0
2025-04-07 04:00:00+00:00,489.19000244140625,523.1699829101562,481.79998779296875,504.3800048828125,498.6635437011719,256611400.0
2025-04-08 04:00:00+00:00,521.8599853515625,524.97998046875,489.1600036621094,496.4800109863281,490.8531188964844,165816600.0
2025-04-09 04:00:00+00:00,493.44000244140625,548.6199951171875,493.04998779296875,548.6199951171875,542.4022216796875,241867300.0
2025-04-10 04:00:00+00:00,532.1699829101562,533.5,509.32000732421875,524.5800170898438,518.6346435546875,162331200.0
2025-04-11 04:00:00+00:00,523.010009765625,536.4299926757812,520.0700073242188,533.9400024414062,527.8885498046875,97866300.0
2025-04-14 04:00:00+00:00,544.0499877929688,544.280029296875,533.8599853515625,539.1199951171875,533.009765625,68034000.0
2025-04-15 04:00:00+00:00,539.6699829101562,543.22998046875,536.8099975585938,537.6099853515625,531.5169067382812,56892900.0
2025-04-16 04:00:00+00:00,531.6799926757812,537.8900146484375,520.2899780273438,525.6599731445312,519.702392578125,83484800.0
2025-04-17 04:00:00+00:00,527.6400146484375,531.1699829101562,523.9099731445312,526.4099731445312,520.44384765625,79868100.0
2025-04-21 04:00:00+00:00,521.1599731445312,521.7000122070312,508.4599914550781,513.8800048828125,508.0558776855469,69368100.0
2025-04-22 04:00:00+00:00,520.1400146484375,529.2999877929688,519.1900024414062,527.25,521.2743530273438,75948100.0
2025-04-23 04:00:00+00:00,540.4299926757812,545.4299926757812,533.8800048828125,535.4199829101562,529.3516845703125,90590700.0
2025-04-24 04:00:00+00:00,536.719970703125,547.4299926757812,535.4500122070312,546.6900024414062,540.4940185546875,64150400.0
2025-04-25 04:00:00+00:00,546.6500244140625,551.0499877929688,543.6900024414062,550.6400146484375,544.3992309570312,61119600.0
2025-04-28 04:00:00+00:00,551.3900146484375,553.5499877929688,545.02001953125,550.8499755859375,544.6068725585938,47613800.0
2025-04-29 04:00:00+00:00,548.9099731445312,555.4500122070312,548.5499877929688,554.3200073242188,548.0375366210938,47775100.0
2025-04-30 04:00:00+00:00,547.5700073242188,556.52001953125,541.52001953125,554.5399780273438,548.2550659179688,93101500.0
2025-05-01 04:00:00+00:00,560.3699951171875,564.0700073242188,557.8599853515625,558.469970703125,552.1405029296875,63186100.0
2025-05-02 04:00:00+00:00,564.72998046875,568.3800048828125,562.3800048828125,566.760009765625,560.3365478515625,60717300.0
2025-05-05 04:00:00+00:00,562.5700073242188,566.6500244140625,561.7000122070312,563.510009765625,557.1234130859375,38659200.0
2025-05-06 04:00:00+00:00,557.9299926757812,563.3499755859375,556.9600219726562,558.7999877929688,552.4667358398438,48264700.0
2025-05-07 04:00:00+00:00,560.1500244140625,563.8200073242188,556.0399780273438,561.1500244140625,554.7901611328125,55588000.0
2025-05-08 04:00:00+00:00,565.239990234375,570.3099975585938,561.7000122070312,565.0599975585938,558.6558227539062,65130800.0
2025-05-09 04:00:00+00:00,566.47998046875,567.5,562.760009765625,564.3400268554688,557.9440307617188,37603400.0
2025-05-12 04:00:00+00:00,581.469970703125,583.0,577.0399780273438,582.989990234375,576.3826904296875,78993600.0
2025-05-13 04:00:00+00:00,583.4099731445312,589.0800170898438,582.8400268554688,586.8400268554688,580.18896484375,67947200.0
2025-05-14 04:00:00+00:00,587.8099975585938,588.97998046875,585.5399780273438,587.5900268554688,580.9304809570312,66283500.0
2025-05-15 04:00:00+00:00,585.5599975585938,590.969970703125,585.0999755859375,590.4600219726562,583.7679443359375,71268100.0
2025-05-16 04:00:00+00:00,591.25,594.5,589.280029296875,594.2000122070312,587.465576171875,76052100.0
2025-05-19 04:00:00+00:00,588.0999755859375,595.5399780273438,588.0999755859375,594.8499755859375,588.108154296875,68168500.0
2025-05-20 04:00:00+00:00,593.0900268554688,594.0499877929688,589.5999755859375,592.8499755859375,586.130859375,60614500.0
2025-05-21 04:00:00+00:00,588.4400024414062,592.5800170898438,581.8200073242188,582.8599853515625,576.2540893554688,95197700.0
2025-05-22 04:00:00+00:00,582.6599731445312,586.6199951171875,581.4099731445312,583.0900268554688,576.4815063476562,70860400.0
2025-05-23 04:00:00+00:00,575.97998046875,581.8099975585938,575.5999755859375,579.1099853515625,572.5465698242188,76029000.0
2025-05-27 04:00:00+00:00,586.0700073242188,591.3099975585938,578.4299926757812,591.1500244140625,584.4501953125,72588500.0
2025-05-28 04:00:00+00:00,591.5599975585938,592.77001953125,586.989990234375,587.72998046875,581.06884765625,68445500.0
2025-05-29 04:00:00+00:00,593.0599975585938,593.2000122070312,586.0700073242188,590.0499877929688,583.3626098632812,69973300.0
2025-05-30 04:00:00+00:00,588.9299926757812,591.1300048828125,583.239990234375,589.3900146484375,582.7100830078125,90601200.0
2025-06-02 04:00:00+00:00,587.760009765625,592.7899780273438,585.0599975585938,592.7100219726562,585.992431640625,61630500.0
2025-06-03 04:00:00+00:00,592.3400268554688,597.0800170898438,591.8499755859375,596.0900268554688,589.3341064453125,63606200.0
2025-06-04 04:00:00+00:00,596.9600219726562,597.9500122070312,595.489990234375,595.9299926757812,589.1759033203125,57314200.0
2025-06-05 04:00:00+00:00,597.6300048828125,599.0,591.0499877929688,593.0499877929688,586.3285522460938,92278700.0
2025-06-06 04:00:00+00:00,598.6599731445312,600.8300170898438,596.8599853515625,599.1400146484375,592.3495483398438,66588700.0
2025-06-09 04:00:00+00:00,599.719970703125,601.25,598.489990234375,599.6799926757812,592.8834838867188,53016400.0
2025-06-10 04:00:00+00:00,600.219970703125,603.469970703125,599.0900268554688,603.0800170898438,596.2449340820312,66247000.0
2025-06-11 04:00:00+00:00,604.1900024414062,605.0599975585938,599.27001953125,601.3599853515625,594.54443359375,73658200.0
2025-06-12 04:00:00+00:00,600.010009765625,603.75,599.52001953125,603.75,596.9073486328125,64129000.0
2025-06-13 04:00:00+00:00,598.5,601.8499755859375,595.47998046875,597.0,590.2338256835938,89506000.0
2025-06-16 04:00:00+00:00,600.4000244140625,604.4500122070312,600.219970703125,602.6799926757812,595.8494262695312,79984100.0
2025-06-17 04:00:00+00:00,600.2100219726562,601.75,596.760009765625,597.530029296875,590.7578125,82209400.0
2025-06-18 04:00:00+00:00,598.4400024414062,601.219970703125,596.469970703125,597.4400024414062,590.6688232421875,76605000.0
2025-06-20 04:00:00+00:00,598.3800048828125,599.4600219726562,592.8599853515625,594.280029296875,589.2816162109375,94051400.0
2025-06-23 04:00:00+00:00,595.0399780273438,600.5399780273438,591.8900146484375,600.1500244140625,595.1022338867188,87426000.0
2025-06-24 04:00:00+00:00,604.3300170898438,607.8499755859375,603.4099731445312,606.780029296875,601.6764526367188,67735300.0
2025-06-25 04:00:00+00:00,607.9099731445312,608.6099853515625,605.5399780273438,607.1199951171875,602.0136108398438,62114800.0
2025-06-26 04:00:00+00:00,608.989990234375,612.3099975585938,608.3699951171875,611.8699951171875,606.7236938476562,78548400.0
2025-06-27 04:00:00+00:00,612.8800048828125,616.3900146484375,610.8300170898438,614.9099731445312,609.7380981445312,86258400.0
2025-06-30 04:00:00+00:00,617.3800048828125,619.219970703125,615.0399780273438,617.8499755859375,612.6533813476562,92502500.0
2025-07-01 04:00:00+00:00,616.3599853515625,618.8300170898438,615.52001953125,617.6500244140625,612.455078125,70030100.0
2025-07-02 04:00:00+00:00,617.239990234375,620.489990234375,616.6099853515625,620.4500122070312,615.2315063476562,66510400.0
2025-07-03 04:00:00+00:00,622.4500122070312,626.280029296875,622.4299926757812,625.3400268554688,620.0803833007812,51065800.0
2025-07-07 04:00:00+00:00,623.3599853515625,624.030029296875,617.8699951171875,620.6799926757812,615.4595947265625,74814500.0
2025-07-08 04:00:00+00:00,621.3499755859375,622.1099853515625,619.52001953125,620.3400268554688,615.1224365234375,59024600.0
2025-07-09 04:00:00+00:00,622.77001953125,624.719970703125,620.9099731445312,624.0599975585938,618.8110961914062,66113300.0
2025-07-10 04:00:00+00:00,624.2000122070312,626.8699951171875,623.010009765625,625.8200073242188,620.5563354492188,57529000.0
2025-07-11 04:00:00+00:00,622.739990234375,624.8599853515625,621.530029296875,623.6199951171875,618.3748168945312,63670200.0
2025-07-14 04:00:00+00:00,623.1599731445312,625.1599731445312,621.7999877929688,624.8099975585938,619.5547485351562,51898500.0
2025-07-15 04:00:00+00:00,627.52001953125,627.8599853515625,622.0599975585938,622.1400146484375,616.9072875976562,74317300.0
2025-07-16 04:00:00+00:00,623.739990234375,624.72998046875,618.0499877929688,624.219970703125,618.9697265625,88987500.0
2025-07-17 04:00:00+00:00,624.4000244140625,628.4000244140625,624.1799926757812,628.0399780273438,622.757568359375,68885700.0
2025-07-18 04:00:00+00:00,629.2999877929688,629.469970703125,626.4600219726562,627.5800170898438,622.301513671875,65621600.0
2025-07-21 04:00:00+00:00,628.77001953125,631.5399780273438,628.3400268554688,628.77001953125,623.4815063476562,63375000.0
2025-07-22 04:00:00+00:00,629.0999755859375,629.72998046875,626.1900024414062,628.8599853515625,623.5707397460938,60046300.0
2025-07-23 04:00:00+00:00,631.5499877929688,634.2100219726562,629.72998046875,634.2100219726562,628.8757934570312,70511000.0
2025-07-24 04:00:00+00:00,634.5999755859375,636.1500244140625,633.989990234375,634.4199829101562,629.083984375,71307100.0
2025-07-25 04:00:00+00:00,635.0900268554688,637.5800170898438,634.8400268554688,637.0999755859375,631.7413940429688,56865400.0
2025-07-28 04:00:00+00:00,637.47998046875,638.0399780273438,635.5399780273438,636.9400024414062,631.582763671875,54917100.0
2025-07-29 04:00:00+00:00,638.3499755859375,638.6699829101562,634.3400268554688,635.260009765625,629.9169311523438,60556300.0
2025-07-30 04:00:00+00:00,635.9199829101562,637.6799926757812,631.5399780273438,634.4600219726562,629.1236572265625,80418900.0
2025-07-31 04:00:00+00:00,639.4600219726562,639.8499755859375,630.77001953125,632.0800170898438,626.763671875,103385200.0
2025-08-01 04:00:00+00:00,626.2999877929688,626.3400268554688,619.2899780273438,621.719970703125,616.4907836914062,140103600.0
2025-08-04 04:00:00+00:00,625.6699829101562,631.219970703125,625.5800170898438,631.1699829101562,625.8612670898438,73218000.0
2025-08-05 04:00:00+00:00,631.7899780273438,632.6099853515625,627.0399780273438,627.969970703125,622.688232421875,68051400.0
2025-08-06 04:00:00+00:00,629.0499877929688,633.4400024414062,628.1300048828125,632.780029296875,627.457763671875,64357500.0
2025-08-07 04:00:00+00:00,636.239990234375,636.97998046875,629.1099853515625,632.25,626.9321899414062,74205800.0
2025-08-08 04:00:00+00:00,634.0599975585938,637.6500244140625,633.739990234375,637.1799926757812,631.82080078125,64051600.0
2025-08-11 04:00:00+00:00,637.4600219726562,638.9500122070312,634.6599731445312,635.9199829101562,630.5713500976562,58742300.0
2025-08-12 04:00:00+00:00,638.2899780273438,642.8499755859375,636.7899780273438,642.6900024414062,637.2844848632812,64730800.0
2025-08-13 04:00:00+00:00,644.9099731445312,646.1900024414062,642.6799926757812,644.8900146484375,639.4659423828125,60092800.0
2025-08-14 04:00:00+00:00,642.7899780273438,645.6199951171875,642.3400268554688,644.9500122070312,639.5254516601562,59327500.0
2025-08-15 04:00:00+00:00,645.989990234375,646.0900268554688,642.52001953125,643.4400024414062,638.0281372070312,68592500.0
2025-08-18 04:00:00+00:00,642.8599853515625,644.0,642.1799926757812,643.2999877929688,637.8892822265625,43804900.0
2025-08-19 04:00:00+00:00,643.1199951171875,644.1099853515625,638.47998046875,639.8099975585938,634.4286499023438,69750700.0
2025-08-20 04:00:00+00:00,639.4000244140625,639.6599731445312,632.9500122070312,638.1099853515625,632.742919921875,88890300.0
2025-08-21 04:00:00+00:00,636.280029296875,637.969970703125,633.8099975585938,635.5499877929688,630.2044677734375,54805800.0
2025-08-22 04:00:00+00:00,637.760009765625,646.5,637.25,645.3099975585938,639.8823852539062,84083200.0
2025-08-25 04:00:00+00:00,644.0399780273438,645.2899780273438,642.3499755859375,642.469970703125,637.0662231445312,51274300.0
2025-08-26 04:00:00+00:00,642.2000122070312,645.510009765625,641.5700073242188,645.1599731445312,639.733642578125,51581600.0
2025-08-27 04:00:00+00:00,644.5700073242188,647.3699951171875,644.4199829101562,646.6300048828125,641.1912841796875,48341100.0
2025-08-28 04:00:00+00:00,647.239990234375,649.47998046875,645.3400268554688,648.9199829101562,643.4619750976562,61519500.0
2025-08-29 04:00:00+00:00,647.469970703125,647.8400268554688,643.1400146484375,645.0499877929688,639.6245727539062,74522200.0
2025-09-02 04:00:00+00:00,637.5,640.489990234375,634.9199829101562,640.27001953125,634.884765625,81983500.0
2025-09-03 04:00:00+00:00,642.6699829101562,644.2100219726562,640.4600219726562,643.739990234375,638.3256225585938,70820900.0
2025-09-04 04:00:00+00:00,644.4199829101562,649.1500244140625,643.510009765625,649.1199951171875,643.6602783203125,65219200.0
2025-09-05 04:00:00+00:00,651.47998046875,652.2100219726562,643.3300170898438,647.239990234375,641.796142578125,85178900.0
2025-09-08 04:00:00+00:00,648.6199951171875,649.8400268554688,647.22998046875,648.8300170898438,643.3727416992188,63133100.0
2025-09-09 04:00:00+00:00,648.969970703125,650.8599853515625,647.219970703125,650.3300170898438,644.8601684570312,66133900.0
2025-09-10 04:00:00+00:00,653.6199951171875,654.5499877929688,650.6300048828125,652.2100219726562,646.724365234375,78034500.0
2025-09-11 04:00:00+00:00,654.1799926757812,658.3300170898438,653.5900268554688,657.6300048828125,652.0988159179688,69934400.0
2025-09-12 04:00:00+00:00,657.5999755859375,659.1099853515625,656.9000244140625,657.4099731445312,651.8805541992188,72780100.0
2025-09-15 04:00:00+00:00,659.6400146484375,661.0399780273438,659.3400268554688,660.9099731445312,655.3511352539062,63772400.0
2025-09-16 04:00:00+00:00,661.469970703125,661.780029296875,659.2100219726562,660.0,654.4487915039062,61169000.0
2025-09-17 04:00:00+00:00,660.010009765625,661.719970703125,654.2999877929688,659.1799926757812,653.6357421875,101952200.0
2025-09-18 04:00:00+00:00,661.8900146484375,664.8900146484375,660.27001953125,662.260009765625,656.6898803710938,90459200.0
2025-09-19 04:00:00+00:00,662.3300170898438,664.5499877929688,660.3699951171875,663.7000122070312,659.9423217773438,97945600.0
2025-09-22 04:00:00+00:00,662.2000122070312,667.2899780273438,662.1699829101562,666.8400268554688,663.0645751953125,69452200.0
2025-09-23 04:00:00+00:00,666.719970703125,667.3400268554688,661.97998046875,663.2100219726562,659.4551391601562,81708900.0
2025-09-24 04:00:00+00:00,664.510009765625,664.6099853515625,659.6699829101562,661.0999755859375,657.3569946289062,68082200.0
2025-09-25 04:00:00+00:00,657.9400024414062,659.4099731445312,654.4099731445312,658.0499877929688,654.3242797851562,89622100.0
2025-09-26 04:00:00+00:00,659.510009765625,662.3699951171875,657.8800048828125,661.8200073242188,658.072998046875,69179200.0
2025-09-29 04:00:00+00:00,664.3599853515625,665.280029296875,661.8599853515625,663.6799926757812,659.9224243164062,73499000.0
2025-09-30 04:00:00+00:00,662.9299926757812,666.6500244140625,661.6099853515625,666.1799926757812,662.4082641601562,86288000.0
2025-10-01 04:00:00+00:00,663.1699829101562,669.3699951171875,663.0599975585938,668.4500122070312,664.6654052734375,72545400.0
2025-10-02 04:00:00+00:00,670.4500122070312,670.5700073242188,666.780029296875,669.219970703125,665.4309692382812,56896000.0
2025-10-03 04:00:00+00:00,669.989990234375,672.6799926757812,668.1599731445312,669.2100219726562,665.421142578125,70494400.0
2025-10-06 04:00:00+00:00,671.6199951171875,672.510009765625,669.4600219726562,671.6099853515625,667.8074951171875,54623300.0
2025-10-07 04:00:00+00:00,672.5399780273438,672.989990234375,667.6699829101562,669.1199951171875,665.3316040039062,72020100.0
2025-10-08 04:00:00+00:00,670.25,673.2100219726562,669.4199829101562,673.1099853515625,669.2990112304688,60702200.0
2025-10-09 04:00:00+00:00,673.530029296875,673.9400024414062,669.2100219726562,671.1599731445312,667.3600463867188,66501900.0
2025-10-10 04:00:00+00:00,672.1300048828125,673.9500122070312,652.8400268554688,653.02001953125,649.32275390625,159422600.0
2025-10-13 04:00:00+00:00,660.6500244140625,665.1300048828125,659.77001953125,663.0399780273438,659.2860107421875,79560500.0
2025-10-14 04:00:00+00:00,657.1699829101562,665.8300170898438,653.1699829101562,662.22998046875,658.4805908203125,88779600.0
2025-10-15 04:00:00+00:00,666.8200073242188,670.22998046875,658.9299926757812,665.1699829101562,661.4039306640625,81702600.0
2025-10-16 04:00:00+00:00,666.8200073242188,668.7100219726562,657.1099853515625,660.6400146484375,656.8995971679688,110563300.0
2025-10-17 04:00:00+00:00,659.5,665.760009765625,658.1400146484375,664.3900146484375,660.62841796875,96500900.0
2025-10-20 04:00:00+00:00,667.3200073242188,672.2100219726562,667.27001953125,671.2999877929688,667.499267578125,60493400.0
2025-10-21 04:00:00+00:00,671.4400024414062,672.989990234375,669.97998046875,671.2899780273438,667.4893188476562,56249000.0
2025-10-22 04:00:00+00:00,672.0,672.0,663.2999877929688,667.7999877929688,664.0191040039062,80564000.0
2025-10-23 04:00:00+00:00,668.1199951171875,672.7100219726562,667.7999877929688,671.760009765625,667.9566650390625,65604500.0
2025-10-24 04:00:00+00:00,676.4600219726562,678.469970703125,675.6500244140625,677.25,673.4155883789062,74356500.0
2025-10-27 04:00:00+00:00,682.72998046875,685.5399780273438,682.1199951171875,685.239990234375,681.3603515625,63339800.0
2025-10-28 04:00:00+00:00,687.0499877929688,688.9099731445312,684.8300170898438,687.0599975585938,683.1700439453125,61738100.0
2025-10-29 04:00:00+00:00,688.719970703125,689.7000122070312,682.8699951171875,687.3900146484375,683.4982299804688,85657100.0
2025-10-30 04:00:00+00:00,683.9000244140625,685.9400024414062,679.8300170898438,679.8300170898438,675.9810180664062,76335800.0
2025-10-31 04:00:00+00:00,685.0399780273438,685.0800170898438,679.239990234375,682.0599975585938,678.1983032226562,87164100.0
2025-11-03 05:00:00+00:00,685.6699829101562,685.7999877929688,679.9400024414062,683.3400268554688,679.4711303710938,57315000.0
2025-11-04 05:00:00+00:00,676.1099853515625,679.9600219726562,674.5800170898438,675.239990234375,671.4169921875,78427000.0
2025-11-05 05:00:00+00:00,674.97998046875,680.8599853515625,674.1699829101562,677.5800170898438,673.7437133789062,74402400.0
2025-11-06 05:00:00+00:00,676.469970703125,677.3800048828125,668.719970703125,670.3099975585938,666.514892578125,85035300.0
2025-11-07 05:00:00+00:00,667.9099731445312,671.0800170898438,661.2100219726562,670.969970703125,667.1710815429688,100592400.0
2025-11-10 05:00:00+00:00,677.239990234375,682.1799926757812,675.030029296875,681.4400024414062,677.5818481445312,75842900.0
2025-11-11 05:00:00+00:00,679.9500122070312,683.5700073242188,678.72998046875,683.0,679.1329956054688,58953400.0
2025-11-12 05:00:00+00:00,684.7899780273438,684.9600219726562,680.9500122070312,683.3800048828125,679.5109252929688,62312500.0
2025-11-13 05:00:00+00:00,680.5,680.8599853515625,670.52001953125,672.0399780273438,668.235107421875,103457800.0
2025-11-14 05:00:00+00:00,665.3800048828125,675.6599731445312,663.27001953125,671.9299926757812,668.1256713867188,96846700.0
2025-11-17 05:00:00+00:00,669.7000122070312,673.7100219726562,662.1699829101562,665.6699829101562,661.901123046875,90456100.0
2025-11-18 05:00:00+00:00,662.0999755859375,665.1199951171875,655.8599853515625,660.0800170898438,656.3427734375,114467500.0
2025-11-19 05:00:00+00:00,660.780029296875,667.3400268554688,658.75,662.6300048828125,658.8783569335938,94703000.0
2025-11-20 05:00:00+00:00,672.9099731445312,675.5599975585938,651.8900146484375,652.530029296875,648.8355712890625,165293500.0
2025-11-21 05:00:00+00:00,655.0499877929688,664.5499877929688,650.8499755859375,659.030029296875,655.2987670898438,123956200.0
2025-11-24 05:00:00+00:00,662.6900024414062,670.0599975585938,661.5900268554688,668.72998046875,664.9437866210938,80437900.0
2025-11-25 05:00:00+00:00,668.6300048828125,676.2100219726562,664.47998046875,675.02001953125,671.1982421875,81077100.0
2025-11-26 05:00:00+00:00,677.6300048828125,681.7000122070312,676.719970703125,679.6799926757812,675.8318481445312,71879600.0
2025-11-28 05:00:00+00:00,680.8599853515625,683.6699829101562,680.5,683.3900146484375,679.5208129882812,49212000.0
2025-12-01 05:00:00+00:00,678.8099975585938,682.989990234375,678.739990234375,680.27001953125,676.41845703125,61201200.0
2025-12-02 05:00:00+00:00,681.9199829101562,683.8200073242188,679.3300170898438,681.530029296875,677.67138671875,62953800.0
2025-12-03 05:00:00+00:00,680.5700073242188,684.9099731445312,679.6900024414062,683.8900146484375,680.0180053710938,57238500.0
2025-12-04 05:00:00+00:00,685.2999877929688,685.3699951171875,681.3400268554688,684.3900146484375,680.51513671875,61970300.0
2025-12-05 05:00:00+00:00,685.469970703125,688.3900146484375,684.5800170898438,685.6900024414062,681.8078002929688,79241000.0
2025-12-08 05:00:00+00:00,686.5900268554688,686.6400146484375,681.5700073242188,683.6300048828125,679.7594604492188,55231500.0
2025-12-09 05:00:00+00:00,683.1500244140625,685.3900146484375,682.5900268554688,683.0399780273438,679.1727905273438,58310100.0
2025-12-10 05:00:00+00:00,682.5599975585938,688.969970703125,681.3099975585938,687.5700073242188,683.6771850585938,85671300.0
2025-12-11 05:00:00+00:00,685.1400146484375,689.25,682.1699829101562,689.1699829101562,685.26806640625,86173700.0
2025-12-12 05:00:00+00:00,688.1699829101562,688.8800048828125,679.1699829101562,681.760009765625,677.9000854492188,113160300.0
2025-12-15 05:00:00+00:00,685.739990234375,685.760009765625,679.25,680.72998046875,676.8758544921875,90811000.0
2025-12-16 05:00:00+00:00,679.22998046875,681.0800170898438,674.97998046875,678.8699951171875,675.0264282226562,122030600.0
2025-12-17 05:00:00+00:00,679.8900146484375,680.4400024414062,671.2000122070312,671.4000244140625,667.5986938476562,110625200.0
2025-12-18 05:00:00+00:00,677.5999755859375,680.739990234375,674.9000244140625,676.469970703125,672.6399536132812,108650100.0
2025-12-19 05:00:00+00:00,676.5900268554688,681.0900268554688,676.469970703125,680.5900268554688,678.7363891601562,103599500.0
2025-12-22 05:00:00+00:00,683.9400024414062,685.3599853515625,680.5900268554688,684.8300170898438,682.96484375,69556700.0
2025-12-23 05:00:00+00:00,683.9199829101562,688.2000122070312,683.8699951171875,687.9600219726562,686.0863037109375,64840000.0
2025-12-24 05:00:00+00:00,687.9500122070312,690.8300170898438,687.7999877929688,690.3800048828125,688.4996948242188,39445600.0
2025-12-26 05:00:00+00:00,690.6400146484375,691.6599731445312,689.27001953125,690.3099975585938,688.4298706054688,41613300.0
2025-12-29 05:00:00+00:00,687.5399780273438,689.2000122070312,686.0700073242188,687.8499755859375,685.9765625,62559500.0
2025-12-30 05:00:00+00:00,687.4500122070312,688.5599975585938,686.5800170898438,687.010009765625,685.138916015625,47160700.0
2025-12-31 05:00:00+00:00,687.1400146484375,687.3599853515625,681.7100219726562,681.9199829101562,680.062744140625,74144800.0
2026-01-02 05:00:00+00:00,685.7100219726562,686.8699951171875,679.8200073242188,683.1699829101562,681.309326171875,89377200.0
2026-01-05 05:00:00+00:00,686.5399780273438,689.4299926757812,686.3800048828125,687.719970703125,685.846923828125,71927200.0
2026-01-06 05:00:00+00:00,687.9299926757812,692.3200073242188,687.780029296875,691.8099975585938,689.92578125,69273800.0
2026-01-07 05:00:00+00:00,692.1900024414062,693.9600219726562,689.3200073242188,689.5800170898438,687.701904296875,75588300.0
2026-01-08 05:00:00+00:00,688.8200073242188,690.6199951171875,687.489990234375,689.510009765625,687.632080078125,64019200.0
2026-01-09 05:00:00+00:00,690.6300048828125,695.3099975585938,689.1799926757812,694.0700073242188,692.1796264648438,80125500.0
2026-01-12 05:00:00+00:00,690.6799926757812,696.0900268554688,690.6300048828125,695.1599731445312,693.2666625976562,63976000.0
2026-01-13 05:00:00+00:00,695.489990234375,696.0900268554688,691.3499755859375,693.77001953125,691.8804931640625,78309700.0
2026-01-14 05:00:00+00:00,691.0,691.719970703125,686.0399780273438,690.3599853515625,688.479736328125,94676700.0
2026-01-15 05:00:00+00:00,694.5700073242188,695.4500122070312,691.25,692.239990234375,690.3546142578125,77862000.0
2026-01-16 05:00:00+00:00,693.6599731445312,694.25,690.0999755859375,691.6599731445312,689.7761840820312,79289200.0
2026-01-20 05:00:00+00:00,681.489990234375,684.77001953125,676.5700073242188,677.5800170898438,675.7345581054688,111623300.0
2026-01-21 05:00:00+00:00,679.6500244140625,688.739990234375,678.1300048828125,685.4000244140625,683.5332641601562,127844500.0
2026-01-22 05:00:00+00:00,689.8499755859375,691.1300048828125,686.9199829101562,688.97998046875,687.103515625,77112200.0
2026-01-23 05:00:00+00:00,688.1500244140625,690.9600219726562,687.1599731445312,689.22998046875,687.352783203125,63059600.0
2026-01-26 05:00:00+00:00,690.489990234375,694.1300048828125,689.9199829101562,692.72998046875,690.84326171875,60473800.0
2026-01-27 05:00:00+00:00,694.1799926757812,696.530029296875,693.5700073242188,695.489990234375,693.5957641601562,55506100.0
2026-01-28 05:00:00+00:00,697.0499877929688,697.8400268554688,693.9400024414062,695.4199829101562,693.5259399414062,61172200.0
2026-01-29 05:00:00+00:00,696.3900146484375,697.0599975585938,684.8300170898438,694.0399780273438,692.1497192382812,97486200.0
2026-01-30 05:00:00+00:00,691.7899780273438,694.2100219726562,687.1199951171875,691.969970703125,690.0853271484375,101835100.0
2026-02-02 05:00:00+00:00,689.5800170898438,696.9299926757812,689.4199829101562,695.4099731445312,693.5159912109375,79286500.0
2026-02-03 05:00:00+00:00,696.2100219726562,696.9600219726562,684.030029296875,689.530029296875,687.6520385742188,107904600.0
2026-02-04 05:00:00+00:00,690.3499755859375,691.4500122070312,681.760009765625,686.1900024414062,684.3211059570312,105204600.0
2026-02-05 05:00:00+00:00,680.9400024414062,683.6900024414062,675.7899780273438,677.6199951171875,675.7744750976562,113610800.0
2026-02-06 05:00:00+00:00,681.4600219726562,692.3099975585938,680.8499755859375,690.6199951171875,688.739013671875,89127600.0
2026-02-09 05:00:00+00:00,689.4199829101562,695.8699951171875,688.3400268554688,693.9500122070312,692.0599975585938,73885200.0
2026-02-10 05:00:00+00:00,694.9500122070312,696.5399780273438,691.6599731445312,692.1199951171875,690.2349243164062,65185700.0
2026-02-11 05:00:00+00:00,696.3900146484375,697.1400146484375,689.1799926757812,691.9600219726562,690.075439453125,76353900.0
2026-02-12 05:00:00+00:00,694.239990234375,695.3499755859375,680.3699951171875,681.27001953125,679.41455078125,118829000.0
2026-02-13 05:00:00+00:00,681.6900024414062,686.280029296875,677.52001953125,681.75,679.8931884765625,96267500.0
2026-02-17 05:00:00+00:00,680.1400146484375,684.9400024414062,675.780029296875,682.8499755859375,680.9901733398438,81354700.0
2026-02-18 05:00:00+00:00,684.02001953125,689.1500244140625,682.8300170898438,686.2899780273438,684.4208374023438,73570300.0
2026-02-19 05:00:00+00:00,683.8400268554688,686.1799926757812,681.5499877929688,684.47998046875,682.61572265625,58649400.0
2026-02-20 05:00:00+00:00,682.3200073242188,690.0599975585938,681.72998046875,689.4299926757812,687.5523071289062,100034000.0
2026-02-23 05:00:00+00:00,687.8300170898438,690.0,680.3699951171875,682.3900146484375,680.531494140625,90558100.0
2026-02-24 05:00:00+00:00,681.9000244140625,688.3499755859375,680.0,687.3499755859375,685.4779052734375,73798700.0
2026-02-25 05:00:00+00:00,690.1799926757812,693.6799926757812,690.0999755859375,693.1500244140625,691.26220703125,56369500.0
2026-02-26 05:00:00+00:00,693.280029296875,693.2999877929688,684.3499755859375,689.2999877929688,687.422607421875,71671000.0
2026-02-27 05:00:00+00:00,683.0900268554688,686.8599853515625,681.6400146484375,685.989990234375,684.1216430664062,83308900.0
2026-03-02 05:00:00+00:00,678.7000122070312,688.6199951171875,678.02001953125,686.3800048828125,684.5106201171875,87477200.0
2026-03-03 05:00:00+00:00,675.0599975585938,682.6099853515625,669.6599731445312,680.3300170898438,678.4771118164062,105003100.0
2026-03-04 05:00:00+00:00,681.6300048828125,687.0900268554688,679.6199951171875,685.1300048828125,683.2639770507812,79182200.0
2026-03-05 05:00:00+00:00,682.0800170898438,685.530029296875,675.6099853515625,681.3099975585938,679.4544067382812,106606500.0
2026-03-06 05:00:00+00:00,673.4099731445312,676.1099853515625,669.760009765625,672.3800048828125,670.5487060546875,100687000.0
2026-03-09 04:00:00+00:00,666.3900146484375,679.9199829101562,662.3900146484375,678.27001953125,676.4227294921875,102667700.0
2026-03-10 04:00:00+00:00,677.719970703125,683.3599853515625,674.760009765625,677.1799926757812,675.3356323242188,81505300.0
2026-03-11 04:00:00+00:00,677.5800170898438,680.0800170898438,673.3400268554688,676.3300170898438,674.4879760742188,68441700.0
2026-03-12 04:00:00+00:00,671.1599731445312,671.6500244140625,665.8699951171875,666.0599975585938,664.2459106445312,108882200.0
2026-03-13 04:00:00+00:00,669.27001953125,672.3400268554688,661.3599853515625,662.2899780273438,660.4862060546875,97200200.0
2026-03-16 04:00:00+00:00,668.3800048828125,672.0700073242188,667.1199951171875,669.030029296875,667.2078857421875,82023100.0
2026-03-17 04:00:00+00:00,672.3900146484375,674.4400024414062,669.7000122070312,670.7899780273438,668.9630126953125,87128000.0
2026-03-18 04:00:00+00:00,668.3599853515625,669.719970703125,661.1900024414062,661.4299926757812,659.6285400390625,82062600.0
2026-03-19 04:00:00+00:00,656.969970703125,662.97998046875,655.1699829101562,659.7999877929688,658.0029907226562,111272500.0
2026-03-20 04:00:00+00:00,656.510009765625,656.6900024414062,644.719970703125,648.5700073242188,648.5700073242188,163617500.0
2026-03-23 04:00:00+00:00,658.0700073242188,662.6199951171875,653.9400024414062,655.3800048828125,655.3800048828125,134802700.0
2026-03-24 04:00:00+00:00,651.3200073242188,657.030029296875,649.8800048828125,653.1799926757812,653.1799926757812,96457500.0
2026-03-25 04:00:00+00:00,658.6699829101562,660.8900146484375,654.239990234375,656.8200073242188,656.8200073242188,90653800.0
2026-03-26 04:00:00+00:00,652.0599975585938,654.8499755859375,644.8200073242188,645.0900268554688,645.0900268554688,96494400.0
2026-03-27 04:00:00+00:00,642.5,642.6599731445312,633.1099853515625,634.0900268554688,634.0900268554688,103649400.0
2026-03-30 04:00:00+00:00,640.1099853515625,640.3699951171875,629.280029296875,631.969970703125,631.969970703125,99275900.0
2026-03-31 04:00:00+00:00,638.9400024414062,651.5399780273438,637.97998046875,650.3400268554688,650.3400268554688,152534100.0
2026-04-01 04:00:00+00:00,653.9000244140625,658.52001953125,653.0,655.239990234375,655.239990234375,97841500.0
2026-04-02 04:00:00+00:00,646.4199829101562,658.2000122070312,645.1099853515625,655.8300170898438,655.8300170898438,68358700.0
2026-04-06 04:00:00+00:00,655.8599853515625,659.719970703125,655.52001953125,658.9299926757812,658.9299926757812,39105800.0
2026-04-07 04:00:00+00:00,656.6500244140625,659.6099853515625,651.0599975585938,659.219970703125,659.219970703125,69980400.0
2026-04-08 04:00:00+00:00,676.3900146484375,677.0800170898438,671.4600219726562,676.010009765625,676.010009765625,93606100.0
2026-04-09 04:00:00+00:00,674.8400268554688,681.1599731445312,673.77001953125,679.9099731445312,679.9099731445312,57134400.0
2026-04-10 04:00:00+00:00,681.3200073242188,682.030029296875,678.4500122070312,679.4600219726562,679.4600219726562,42253500.0
2026-04-13 04:00:00+00:00,677.4099731445312,686.2999877929688,676.5800170898438,686.0999755859375,686.0999755859375,54185800.0
2026-04-14 04:00:00+00:00,687.6900024414062,694.5800170898438,687.6599731445312,694.4600219726562,694.4600219726562,63480500.0
2026-04-15 04:00:00+00:00,695.260009765625,700.280029296875,694.2000122070312,699.9400024414062,699.9400024414062,58240400.0
2026-04-16 04:00:00+00:00,701.0599975585938,702.780029296875,698.530029296875,701.6599731445312,701.6599731445312,49972400.0
2026-04-17 04:00:00+00:00,706.1400146484375,712.3900146484375,705.760009765625,710.1400146484375,710.1400146484375,70661900.0
2026-04-20 04:00:00+00:00,708.780029296875,709.9099731445312,706.1400146484375,708.719970703125,708.719970703125,43546800.0
2026-04-21 04:00:00+00:00,710.280029296875,711.280029296875,702.6400146484375,704.0800170898438,704.0800170898438,58941400.0
2026-04-22 04:00:00+00:00,709.1500244140625,711.4500122070312,708.219970703125,711.2100219726562,711.2100219726562,42518500.0
2026-04-23 04:00:00+00:00,709.5,712.3599853515625,702.280029296875,708.4500122070312,708.4500122070312,56174000.0
2026-04-24 04:00:00+00:00,710.75,714.469970703125,709.010009765625,713.9400024414062,713.9400024414062,45182000.0
2026-04-27 04:00:00+00:00,713.1699829101562,715.6300048828125,712.2999877929688,715.1699829101562,715.1699829101562,33135900.0
2026-04-28 04:00:00+00:00,711.8200073242188,712.8800048828125,709.25,711.6900024414062,711.6900024414062,43117400.0
2026-04-29 04:00:00+00:00,711.0,712.2000122070312,708.3699951171875,711.5800170898438,711.5800170898438,41859200.0
2026-04-30 04:00:00+00:00,714.6300048828125,719.7899780273438,710.4500122070312,718.6599731445312,718.6599731445312,67240900.0
2026-05-01 04:00:00+00:00,721.25,724.8699951171875,720.469970703125,720.6500244140625,720.6500244140625,43049800.0
2026-05-04 04:00:00+00:00,720.0700073242188,722.1199951171875,714.989990234375,718.010009765625,718.010009765625,51950600.0
2026-05-05 04:00:00+00:00,721.77001953125,725.0399780273438,721.489990234375,723.77001953125,723.77001953125,36933200.0
2026-05-06 04:00:00+00:00,728.1599731445312,734.5900268554688,727.8200073242188,733.8300170898438,733.8300170898438,53288900.0
2026-05-07 04:00:00+00:00,735.0499877929688,736.1300048828125,729.75,731.5800170898438,731.5800170898438,51724600.0
2026-05-08 04:00:00+00:00,734.9299926757812,738.0800170898438,734.5700073242188,737.6199951171875,737.6199951171875,47227100.0
2026-05-11 04:00:00+00:00,736.4500122070312,740.7899780273438,736.4500122070312,739.2999877929688,739.2999877929688,44024000.0
2026-05-12 04:00:00+00:00,736.8900146484375,738.8400268554688,731.8300170898438,738.1799926757812,738.1799926757812,54185300.0
2026-05-13 04:00:00+00:00,738.469970703125,743.9099731445312,735.469970703125,742.3099975585938,742.3099975585938,44200200.0
2026-05-14 04:00:00+00:00,743.6500244140625,749.530029296875,743.5599975585938,748.1699829101562,748.1699829101562,45307600.0
2026-05-15 04:00:00+00:00,741.7899780273438,743.4600219726562,737.9600219726562,739.1699829101562,739.1699829101562,60410800.0
2026-05-18 04:00:00+00:00,739.8300170898438,741.4199829101562,733.3900146484375,738.6500244140625,738.6500244140625,47843900.0
2026-05-19 04:00:00+00:00,734.780029296875,737.6500244140625,731.530029296875,733.72998046875,733.72998046875,54255900.0
2026-05-20 04:00:00+00:00,735.7100219726562,741.8699951171875,733.8900146484375,741.25,741.25,45768000.0
2026-05-21 04:00:00+00:00,738.6400146484375,744.8699951171875,737.030029296875,742.719970703125,742.719970703125,43332200.0
2026-05-22 04:00:00+00:00,746.239990234375,748.9400024414062,744.47998046875,745.6400146484375,745.6400146484375,41762000.0
2026-05-26 04:00:00+00:00,750.010009765625,752.1300048828125,748.3699951171875,750.5900268554688,750.5900268554688,41123600.0
2026-05-27 04:00:00+00:00,750.8800048828125,751.3800048828125,748.219970703125,750.4600219726562,750.4600219726562,42106300.0
2026-05-28 04:00:00+00:00,750.25,755.1500244140625,749.22998046875,754.5999755859375,754.5999755859375,41562600.0
2026-05-29 04:00:00+00:00,755.9000244140625,758.0750122070312,754.6900024414062,756.47998046875,756.47998046875,54354194.0
